{"name":"携华代驾","slogan":"携华代驾","describe":"携华代驾成立于2024年，是基于高德出行代驾板块创建的代驾服务公司。目前携华代驾在全国20多座城市开通代驾服务，注册司机将近万人，不断提供代驾服务。 不仅是酒后代驾，还提供女司机专属代驾、商务代驾、旅游代驾等服务。携华代驾具备300万高额代驾保险，通过严格筛选建立专业的代驾司机队伍，司机平均驾龄超过10年.","company":"上海携桦汽车租赁有限公司","schemeProtocol":"xiehuadjyyd301","tenantId":801057,"icp":null,"productId":"etravel_xiehuadj","netRSAPublicKey":"MFwwDQYJKoZIhvcNAQEBBQADSwAwSAJBANimUJVLxeSVNpl8qMd9XcgRjIVHnUYPzG05uYl+X5kKxO8UPsTjUxhZhOx8Km1VgCKm5wgCoSNe7YnwkjzyzgsCAwEAAQ==","netSignSalt":"ceK8YNcjReMOOufi3x5FfwIpuUXFLoJC","eid":"801057","ename":"xiehuadj","serverHost":"https://api.longjudj.com","h5Host":"h1.longjudj.com","connectionHost":"47.106.30.204"}