[{"name":"c_0","value":"#00000080"},{"name":"c_0_a","value":"#1b1f2a10"},{"name":"c_0_b","value":"#00000040"},{"name":"c_1","value":"#ffffff"},{"name":"c_10","value":"#4ba7fe"},{"name":"c_11","value":"#f99359"},{"name":"c_12","value":"#32c386"},{"name":"c_13","value":"#00ba1f"},{"name":"c_14","value":"#ffba00"},{"name":"c_15","value":"#f31d20"},{"name":"c_16","value":"#a8090b"},{"name":"c_17","value":"#0091ff"},{"name":"c_18","value":"#6b7886"},{"name":"c_19","value":"#212121"},{"name":"c_1_a","value":"#ffffff50"},{"name":"c_2","value":"#ffffff"},{"name":"c_20","value":"#f99359"},{"name":"c_21","value":"#1f2530"},{"name":"c_21_a","value":"#1f253000"},{"name":"c_21_b","value":"#1f2530"},{"name":"c_22_a","value":"#353b45"},{"name":"c_22_b","value":"#353b45"},{"name":"c_23_a","value":"#f99359"},{"name":"c_23_b","value":"#f1f2f4"},{"name":"c_24","value":"#ffffff"},{"name":"c_25","value":"#353b4500"},{"name":"c_26_a","value":"#3483ff"},{"name":"c_26_b","value":"#13171F"},{"name":"c_26_c","value":"#0055d5"},{"name":"c_27_a","value":"#3483ff"},{"name":"c_27_b","value":"#3483ff"},{"name":"c_27_c","value":"#285090"},{"name":"c_27_d","value":"#1F2530"},{"name":"c_28_a","value":"#F99359"},{"name":"c_28_b","value":"#F99359"},{"name":"c_28_c","value":"#865842"},{"name":"c_28_d","value":"#1F2530"},{"name":"c_29_a","value":"#353b45"},{"name":"c_29_b","value":"#13171F"},{"name":"c_29_c","value":"#2D323B"},{"name":"c_2_a","value":"#ebebee"},{"name":"c_2_b","value":"#d0d5d9"},{"name":"c_3","value":"#3483ff"},{"name":"c_30_a","value":"#353b45"},{"name":"c_30_b","value":"#13171F"},{"name":"c_30_c","value":"#2D323B"},{"name":"c_31_a","value":"#353b45"},{"name":"c_31_b","value":"#353b45"},{"name":"c_32_a","value":"#f5f5f5"},{"name":"c_32_b","value":"#f5f5f5"},{"name":"c_33_a","value":"#ffffff"},{"name":"c_33_b","value":"#ffffff"},{"name":"c_34","value":"#ffffff"},{"name":"c_35","value":"#ffffff"},{"name":"c_36_a","value":"#4ba7fe"},{"name":"c_36_b","value":"#2c80d0"},{"name":"c_37_a","value":"#bac2cb"},{"name":"c_37_b","value":"#8a8e99"},{"name":"c_38","value":"#0055d5"},{"name":"c_39_a","value":"#45CC93"},{"name":"c_39_b","value":"#45CC93"},{"name":"c_3_a","value":"#bac2cb"},{"name":"c_3_b","value":"#0055d5"},{"name":"c_3_c","value":"#ffffff20"},{"name":"c_3_d","value":"#3483FF"},{"name":"c_3_e","value":"#F99359"},{"name":"c_40_a","value":"#8995C2"},{"name":"c_40_b","value":"#8995C2"},{"name":"c_41","value":"#1F2530"},{"name":"c_42_a","value":"#EE783A"},{"name":"c_42_b","value":"#F8AC7E"},{"name":"c_43","value":"#FFFFFF20"},{"name":"c_44_a","value":"#FFFFFF"},{"name":"c_44_b","value":"#FFFFFF60"},{"name":"c_45","value":"#FFFFFF54"},{"name":"c_46","value":"#42528580"},{"name":"c_47","value":"#5DA5E9"},{"name":"c_49_a","value":"#F99359"},{"name":"c_49_b","value":"#6B7886"},{"name":"c_49_c","value":"#3BBF6A"},{"name":"c_49_d","value":"#FB868F"},{"name":"c_49_e","value":"#13161F20"},{"name":"c_49_f","value":"#000000"},{"name":"c_4_a","value":"#373c4d"},{"name":"c_4_b","value":"#373c4d"},{"name":"c_4_c","value":"#13161f"},{"name":"c_4_d","value":"#13161f"},{"name":"c_4_e","value":"#223759"},{"name":"c_4_f","value":"#223759"},{"name":"c_4_g","value":"#ffffff"},{"name":"c_4_h","value":"#ffffff"},{"name":"c_4_i","value":"#d7dce3"},{"name":"c_4_j","value":"#d7dce3"},{"name":"c_4_k","value":"#3483ff"},{"name":"c_4_l","value":"#3483ff"},{"name":"c_5","value":"#f5f5f5"},{"name":"c_50","value":"#FEDCC866"},{"name":"c_51","value":"#FFBF9A"},{"name":"c_52","value":"#EDF4FF"},{"name":"c_5_a","value":"#f5f5f5"},{"name":"c_5_b","value":"#13161f"},{"name":"c_5_c","value":"#252936"},{"name":"c_5_d","value":"#3e4252"},{"name":"c_6","value":"#3483ff"},{"name":"c_7","value":"#ff7f28"},{"name":"c_7_a","value":"#ffffff50"},{"name":"c_7_b","value":"#bac2cb"},{"name":"c_8","value":"#f94956"},{"name":"c_8_a","value":"#d73642"},{"name":"c_9","value":"#e1e4e7"},{"name":"c_9_a","value":"#ffffff10"},{"name":"c_9_b","value":"#353b45"},{"name":"c_x_50_a","value":"#FF9400"},{"name":"c_x_51_a","value":"#C6C6C6"},{"name":"c_x_51_b","value":"#E9E9E9"},{"name":"f_c_1","value":"#ffffff"},{"name":"f_c_10","value":"#f99359"},{"name":"f_c_11","value":"#3483ff"},{"name":"f_c_12_a","value":"#ffffff"},{"name":"f_c_12_b","value":"#ffffff"},{"name":"f_c_13","value":"#ffffff"},{"name":"f_c_14_a","value":"#212121"},{"name":"f_c_14_b","value":"#6b7886"},{"name":"f_c_15","value":"#ffffff"},{"name":"f_c_15_a","value":"#ffffff"},{"name":"f_c_15_b","value":"#FFFFFF50"},{"name":"f_c_15_c","value":"#FFFFFF"},{"name":"f_c_16","value":"#ffffff"},{"name":"f_c_17","value":"#ffffff50"},{"name":"f_c_18","value":"#ffffff50"},{"name":"f_c_19_a","value":"#ffffff"},{"name":"f_c_19_b","value":"#6b7886"},{"name":"f_c_19_c","value":"#6b7886"},{"name":"f_c_1_a","value":"#ffffff50"},{"name":"f_c_2","value":"#212121"},{"name":"f_c_20","value":"#6b7886"},{"name":"f_c_21","value":"#212121"},{"name":"f_c_22","value":"#ffffff80"},{"name":"f_c_23","value":"#3483ff"},{"name":"f_c_24","value":"#ffffff"},{"name":"f_c_25","value":"#ffffff"},{"name":"f_c_26_a","value":"#ffffff"},{"name":"f_c_26_b","value":"#FFFFFF50"},{"name":"f_c_27_a","value":"#4BA7FE"},{"name":"f_c_27_b","value":"#F99359"},{"name":"f_c_27_c","value":"#212121"},{"name":"f_c_27_d","value":"#212121"},{"name":"f_c_28_a","value":"#FFFFFF"},{"name":"f_c_28_b","value":"#FFFFFF"},{"name":"f_c_29","value":"#FFFFFF50"},{"name":"f_c_2_a","value":"#d0d5d9"},{"name":"f_c_3","value":"#6b7886"},{"name":"f_c_30_a","value":"#93754B"},{"name":"f_c_30_b","value":"#FFFFFF"},{"name":"f_c_30_c","value":"#DCB377"},{"name":"f_c_4","value":"#8a8e99"},{"name":"f_c_40","value":"#f99359"},{"name":"f_c_41","value":"#212121"},{"name":"f_c_41_a","value":"#3483ff"},{"name":"f_c_41_b","value":"#8A8E99"},{"name":"f_c_42","value":"#FFB80B"},{"name":"f_c_43","value":"#E0BB8A"},{"name":"f_c_44","value":"#F99359"},{"name":"f_c_44_a","value":"#4BA7FE"},{"name":"f_c_45","value":"#F99359"},{"name":"f_c_46","value":"#CFD8F1"},{"name":"f_c_47","value":"#F99359"},{"name":"f_c_49_a","value":"#F99359"},{"name":"f_c_49_b","value":"#6B7886"},{"name":"f_c_49_c","value":"#BAC2CB"},{"name":"f_c_5","value":"#bac2cb"},{"name":"f_c_50_c","value":"#471204"},{"name":"f_c_6","value":"#3483ff"},{"name":"f_c_7_a","value":"#ffffff50"},{"name":"f_c_7_b","value":"#6b7886"},{"name":"f_c_8","value":"#f94956"},{"name":"f_c_9","value":"#32C386"},{"name":"V2_c_1","value":"#363D53"},{"name":"V2_c_10","value":"#FF4C57"},{"name":"V2_c_12","value":"#C8C9CD"},{"name":"V2_c_13","value":"#D02D32"},{"name":"V2_c_14","value":"#D3D4D9"},{"name":"V2_c_15","value":"#FFBC97"},{"name":"V2_c_16","value":"#EBF0F8"},{"name":"V2_c_17","value":"#47506A"},{"name":"V2_c_18","value":"#46648B"},{"name":"V2_c_19","value":"#F94956"},{"name":"V2_c_2","value":"#4E5B78"},{"name":"V2_c_20","value":"#47526D"},{"name":"V2_c_21","value":"#eaeaea"},{"name":"V2_c_22","value":"#9B9B9B"},{"name":"V2_c_23","value":"#F1F1F1"},{"name":"V2_c_24","value":"#FFFFFF"},{"name":"V2_c_25","value":"#FAFCFE"},{"name":"V2_c_26","value":"#E8EAE9"},{"name":"V2_c_27","value":"#FF4C57"},{"name":"V2_c_28","value":"#3BBF6A"},{"name":"V2_c_29","value":"#FF4C57"},{"name":"V2_c_3","value":"#BAB8BCCC"},{"name":"V2_c_30","value":"#FFF5F5"},{"name":"V2_c_31","value":"#AC0F13"},{"name":"V2_c_32","value":"#CF0427"},{"name":"V2_c_33","value":"#D02D32"},{"name":"V2_c_34","value":"#ffffff"},{"name":"V2_c_35","value":"#ADADAD"},{"name":"V2_c_36","value":"#D02D32"},{"name":"V2_c_37","value":"#333333E6"},{"name":"V2_c_38","value":"#F5F5F51A"},{"name":"V2_c_39","value":"#176AF0"},{"name":"V2_c_4","value":"#F9F9F9"},{"name":"V2_c_40","value":"#FFD7DD"},{"name":"V2_c_41","value":"#FDF1F3"},{"name":"V2_c_42","value":"#45CC93"},{"name":"V2_c_43","value":"#BAC2CB"},{"name":"V2_c_44","value":"#F1F1F1"},{"name":"V2_c_45","value":"#EEEEEE"},{"name":"V2_c_46","value":"#F2F2F2"},{"name":"V2_c_47","value":"#F0F0F0"},{"name":"V2_c_48","value":"#D02D32"},{"name":"V2_c_49","value":"#00000010"},{"name":"V2_c_5","value":"#EAF0FF"},{"name":"V2_c_50","value":"#3A3B3FE6"},{"name":"V2_c_51","value":"#00000099"},{"name":"V2_c_52","value":"#F99359"},{"name":"V2_c_53","value":"#ffffff"},{"name":"V2_c_54","value":"#00C966"},{"name":"V2_c_55","value":"#F83A3A"},{"name":"V2_c_56","value":"#ebebee"},{"name":"V2_c_57","value":"#ffffff80"},{"name":"V2_c_58","value":"#ffffff"},{"name":"V2_c_6","value":"#FAFCFF"},{"name":"V2_c_60","value":"#E0E0E0"},{"name":"V2_c_61","value":"#D02D32"},{"name":"V2_c_62","value":"#32c386"},{"name":"V2_c_68","value":"#212121"},{"name":"V2_c_7","value":"#D02D32"},{"name":"V2_c_70","value":"#5F9BFD"},{"name":"V2_c_71","value":"#636B81"},{"name":"V2_c_72","value":"#ffffff"},{"name":"V2_c_74","value":"#FFFFFFCC"},{"name":"V2_c_75","value":"#FDF1F3"},{"name":"V2_c_76","value":"#FFD7DD"},{"name":"V2_c_77","value":"#333333"},{"name":"V2_c_78","value":"#FFFFFF33"},{"name":"V2_c_79","value":"#FFFFFF"},{"name":"V2_c_8","value":"#E40B31"},{"name":"V2_c_80","value":"#FFFFFF99"},{"name":"V2_c_81","value":"#425285CC"},{"name":"V2_c_82","value":"#242d48"},{"name":"V2_c_83","value":"#176AF0"},{"name":"V2_c_84","value":"#2C2F38"},{"name":"V2_c_85","value":"#34373E"},{"name":"V2_c_86","value":"#FFF4E1"},{"name":"V2_c_87","value":"#475666"},{"name":"V2_c_9","value":"#636B81"},{"name":"V2_f_c_1","value":"#FFFFFF"},{"name":"V2_f_c_10","value":"#6A6A6A"},{"name":"V2_f_c_11","value":"#E0E0E0"},{"name":"V2_f_c_12","value":"#9F9F9F"},{"name":"V2_f_c_13","value":"#636363"},{"name":"V2_f_c_14","value":"#6B7886"},{"name":"V2_f_c_15","value":"#999999"},{"name":"V2_f_c_16","value":"#E0BB8A"},{"name":"V2_f_c_17","value":"#176AF0"},{"name":"V2_f_c_18","value":"#46648B"},{"name":"V2_f_c_19","value":"#222222"},{"name":"V2_f_c_2","value":"#222222"},{"name":"V2_f_c_20","value":"#222222"},{"name":"V2_f_c_21","value":"#FFB80B"},{"name":"V2_f_c_22","value":"#f94956"},{"name":"V2_f_c_23","value":"#FFB80B"},{"name":"V2_f_c_24","value":"#32C386"},{"name":"V2_f_c_25","value":"#D02D32"},{"name":"V2_f_c_26","value":"#ffffff"},{"name":"V2_f_c_27","value":"#FF6671"},{"name":"V2_f_c_28","value":"#ffffff"},{"name":"V2_f_c_29","value":"#FFFFFF80"},{"name":"V2_f_c_3","value":"#D02D32"},{"name":"V2_f_c_31","value":"#FFFFFF"},{"name":"V2_f_c_32","value":"#DCB377"},{"name":"V2_f_c_33","value":"#8995C2"},{"name":"V2_f_c_34","value":"#F99359"},{"name":"V2_f_c_35","value":"#4BA7FE"},{"name":"V2_f_c_36","value":"#F99359"},{"name":"V2_f_c_37","value":"#CFD8F1"},{"name":"V2_f_c_38","value":"#F99359"},{"name":"V2_f_c_39","value":"#F99359"},{"name":"V2_f_c_4","value":"#C4C4C6"},{"name":"V2_f_c_40","value":"#FFFFFF"},{"name":"V2_f_c_5","value":"#47506A"},{"name":"V2_f_c_6","value":"#7D7D80"},{"name":"V2_f_c_7","value":"#666666"},{"name":"V2_f_c_8","value":"#F27315"},{"name":"V2_f_c_9","value":"#FF4C57"},{"name":"V2_c_88","value":"#910003"},{"name":"V2_c_89","value":"#ECA0A2"},{"name":"V2_c_90","value":"#F77213"},{"name":"V2_c_91","value":"#42C303"},{"name":"V2_c_92","value":"#3D3F6B"},{"name":"V2_c_93","value":"#2A2B44"},{"name":"V2_f_c_41","value":"#FFFFFFE6"},{"name":"V2_f_c_42","value":"#FFFFFF99"},{"name":"V2_f_c_43","value":"#F77213"},{"name":"V2_f_c_44","value":"#42C303"},{"name":"V2_c_100","value":"#FFEFED"},{"name":"V2_c_101","value":"#FFC4C4"},{"name":"V2_c_102","value":"#FF5E5E"},{"name":"V2_c_103","value":"#FF8B80"},{"name":"V2_c_94","value":"#E0EBFF"},{"name":"V2_c_95","value":"#EDF3FF"},{"name":"V2_c_96","value":"#ADC8FF"},{"name":"V2_c_97","value":"#6F87EF"},{"name":"V2_c_98","value":"#78AEFD"},{"name":"V2_c_99","value":"#FFE0E0"},{"name":"V2_f_c_45","value":"#1679FF"},{"name":"V2_f_c_46","value":"#FF4B4B"},{"name":"V2_f_c_47","value":"#DC8B38"},{"name":"V2_c_104","value":"#6B6C7A"},{"name":"V2_c_105","value":"#C49D75"},{"name":"V2_f_c_48","value":"#906940"},{"name":"V2_c_106","value":"#FFFFFF"},{"name":"V2_c_107","value":"#FFFFFF"},{"name":"V2_f_c_49","value":"#222222"},{"name":"V2_c_108","value":"#FC2247"},{"name":"V2_f_c_50","value":"#FFFFFF"}]